node_id,degree,betweenness,closeness,eigenvector,composite,lat,lon,frequency
0,0.012048192771084338,0.3048829872053198,0.041175078997617395,2.151366891430494e-09,0.47757291023822135,23.020685983346148,113.21385977935468,0
1,0.004819277108433735,0.010425081970393709,0.028788235522463883,1.7571386460267013e-12,0.024312261941710277,22.986704660513382,113.1577947339208,0
2,0.0072289156626506035,0.14514871078516967,0.02467637119081513,0.0003715301706885505,0.2285870141902668,23.04030168416911,112.48019744434087,0
3,0.004819277108433735,0.06837281493122213,0.03967274503419082,7.329013257830552e-10,0.11579331796124459,23.019796556957623,113.18321341983898,0
4,0.00963855421686747,0.10463860502973477,0.02906099402914635,1.7041399126839192e-08,0.16870210425834456,23.079287205890555,113.4423077146346,0
5,0.004819277108433735,0.02221543177541082,0.02991118830901804,1.0068504792526064e-08,0.042595132204248196,23.034871728497645,113.00928688873648,0
6,0.004819277108433735,0.00469860116795685,0.03801069440064893,4.412796809822749e-09,0.018388241915149598,23.046771040387632,113.24672864821132,0
7,0.0072289156626506035,0.021086887231465557,0.023388700765618668,2.2254659071948737e-11,0.03936849021100043,23.03615662554163,113.4033616140258,0
8,0.004819277108433735,0.26659682207089225,0.022465681254671598,6.224669370015702e-06,0.4122525071918144,23.167746378948628,112.33470925458712,0
9,0.0072289156626506035,0.002297111149913664,0.03040236989083637,2.0436392732487213e-06,0.012895940409942805,23.005281259334552,113.07027705236922,0
10,0.004819277108433735,0.0427051199968958,0.0322790888678408,8.671494873590252e-07,0.0744938158781268,22.98424071439064,113.08215184615808,0
11,0.0072289156626506035,0.036773373687988685,0.029145485644179327,4.157269385681458e-10,0.06498289696320134,23.14224938954456,112.89783994533154,0
12,0.004819277108433735,0.05124672603457311,0.030533365912949768,4.013093803940208e-11,0.08696446580028268,23.07374857536644,112.97174684757508,0
13,0.0072289156626506035,0.06067167219603049,0.024418348298135505,3.372856231354739e-14,0.09992187904287328,23.10746795737709,113.6188534994332,0
14,0.004819277108433735,0.004318724172050521,0.039554387311540457,7.917245146907547e-10,0.018277261164069348,23.04430515504381,113.21174851658115,0
15,0.00963855421686747,0.051797722290126635,0.032809901696672535,1.3565025415835685e-05,0.08942200581314848,23.15883145971429,112.82515080885923,0
16,0.012048192771084338,0.28892963156975726,0.024292785540174763,0.0005097194766449346,0.4482217994431466,23.04977478746645,112.41080859629068,0
17,0.004819277108433735,0.0,0.022934525894437636,1.3887362237998717e-11,0.006675554325207535,23.03015737575737,113.39027525021044,0
18,0.00963855421686747,0.1435713869972644,0.015416715624689305,1.3199226948214409e-05,0.22382374584184384,23.1313001203164,111.89132009343764,0
19,0.004819277108433735,0.06967289447645657,0.033692076281188366,3.7270572294603364e-10,0.11596204129878018,23.03226530202874,112.98276233316624,0
20,0.014457831325301207,0.0538094406611955,0.012475251579985941,0.5518305631120239,0.12632687275377794,23.249677783052864,111.57120586325246,0
21,0.004819277108433735,0.04711697029664552,0.03326935717615483,3.0635225489908276e-07,0.08150757994253434,22.979366471355668,113.09677860563774,0
22,0.0072289156626506035,0.03308305686514172,0.01218275598168826,0.24732156128957106,0.0717436736142112,23.47699518548713,111.36248697394949,0
23,0.004819277108433735,0.307153250683895,0.025882219052532546,3.1476825351554254e-05,0.475008662493117,23.088321431603564,112.5333040729656,0
24,0.004819277108433735,0.0,0.023446071794307865,0.0001475767732634736,0.006840799918683992,23.12620511113182,112.40075473289936,0
25,0.012048192771084338,0.3025156434340998,0.040314824772360654,5.093079261215893e-10,0.4737098665745501,22.88577326360025,113.51668610686444,0
26,0.004819277108433735,0.0,0.02906099402914635,1.1326393748351167e-10,0.008529467273899707,23.12726380982696,112.93224380577392,0
27,0.004819277108433735,0.0023300933201404646,0.027669963548823,5.863198439290514e-08,0.011654570838377155,23.00460468766019,113.0462153411606,0
28,0.004819277108433735,0.049471019574040445,0.029667218027588916,1.3006364831665177e-05,0.08400093844700865,23.11616787224354,113.26961691344036,0
29,0.004819277108433735,0.2149118211978348,0.018078277482041646,5.888927752826248e-10,0.3322679732737831,23.074504312988296,112.18153569599824,0
30,0.004819277108433735,0.3643559746231302,0.03533742915950622,2.6145433549156943e-08,0.5649211891903778,23.16380303428881,112.77768464086056,0
31,0.004819277108433735,0.14846807519934815,0.03660903523240553,1.9921696377639623e-06,0.23675873376372952,23.147765305835687,112.81070427308924,0
33,0.0072289156626506035,0.06940014024351375,0.028461300363840234,1.3447650696077677e-08,0.11442866020130328,23.07829446464345,113.43722076311803,0
34,0.004819277108433735,0.330155404225598,0.029560532116960362,5.45180074658509e-09,0.5111251741745418,23.15383465240011,112.58623251704064,0
35,0.0072289156626506035,0.3011698969792212,0.025070735546798638,0.00027440704794927417,0.4661391555970089,23.06277152515536,112.5222861381913,0
36,0.004819277108433735,0.21852045864617892,0.018328189010221485,2.0680220114870575e-10,0.3378353762787025,23.08273893775992,112.19973755496468,0
37,0.00963855421686747,0.16671905011349747,0.01582449615193535,4.407159209632755e-06,0.25917361937165556,23.07479307766316,112.0357972006355,0
38,0.0072289156626506035,0.038053857943852715,0.029374616820627277,2.1180641592712726e-10,0.06700092910356276,23.135796323263445,112.91125626307117,0
39,0.0072289156626506035,0.1110569815493856,0.036661282539846296,1.614116774848993e-08,0.18030518712499502,22.9761011917629,113.10822536917156,0
40,0.00963855421686747,0.11407959881855448,0.030759589773553125,0.00011500309722321113,0.18359195831408653,23.111293064626576,113.22611323880226,0
41,0.004819277108433735,0.015393970637553697,0.023232696769782197,2.6606562664311708e-11,0.03019298251076959,23.037279331216904,113.35376293272354,0
42,0.00963855421686747,0.14907746929747975,0.024677852810220165,0.000438679514474907,0.2350357455289487,23.06424927690474,112.39871210009132,0
43,0.004819277108433735,0.08856893412157947,0.03201757720294592,2.1135549037848175e-07,0.14421213806053487,23.05820088970736,113.27826852228424,0
44,0.004819277108433735,0.051475467085734236,0.02995697074010327,5.873110510419943e-07,0.08713819395364951,23.529108158117687,112.94689936518472,0
45,0.012048192771084338,0.12877461536969134,0.03375849187303629,1.8782326623201336e-05,0.20732071376953434,23.18678007690611,112.80455843751812,0
46,0.004819277108433735,0.26000814853617366,0.021791508326929474,7.140225889697164e-07,0.40202118377072854,23.17166283489486,112.2968426592329,0
47,0.0072289156626506035,0.25539110663957876,0.03424509569690192,3.3714339337478926e-09,0.3992278440397156,23.039224778892944,113.5128721389904,0
48,0.004819277108433735,0.17368022815901285,0.016243514150662643,5.43785673765845e-07,0.2689648065146782,23.081306233511143,112.07418834032111,0
49,0.0072289156626506035,0.015200733922577828,0.023016723892827287,2.0489360127876168e-11,0.030298128787117816,23.0353249071693,113.37426707129774,0
50,0.004819277108433735,0.2730923694779116,0.023172443962012564,5.426510225259997e-05,0.42235498023756807,23.136753708176663,112.36821043532684,0
51,0.004819277108433735,1.1640765962400325e-05,0.038070548217322794,4.4413861942658075e-10,0.011273538049255297,23.044745121572376,113.21525122780068,0
52,0.004819277108433735,0.05601536581107036,0.03083343124937861,1.686492995630029e-06,0.09431250603267508,23.44325520088576,112.88322493378789,0
53,0.004819277108433735,0.20024445608521038,0.017128970141871924,3.978482059385693e-08,0.30965928853295005,23.08612865613669,112.11668608640468,0
54,0.004819277108433735,0.05183051044758745,0.0388624847347028,1.8989378056881138e-10,0.09037334451678268,22.89050625651564,113.56528075504936,0
55,0.0072289156626506035,0.3482800768290553,0.03286499588631192,1.1598367170248237e-09,0.5401726032327566,23.17324619044213,112.69578220189082,0
56,0.004819277108433735,0.0,0.036199545407276455,5.7694677247911395e-11,0.010689643817627333,22.7142428818576,113.69373608222904,0
57,0.004819277108433735,0.24312903789069318,0.02023581500439254,3.18213561626012e-09,0.37586302074186284,23.13221587091068,112.27471952665732,0
58,0.004819277108433735,0.289311134577417,0.0411833305164546,7.15002409938021e-10,0.45248376797720946,22.90671161776195,113.40245020390935,0
59,0.004819277108433735,0.11712938711367207,0.03231207850269,4.4765438741019057e-10,0.18776575397337908,23.077273601569537,113.5432029039267,0
60,0.004819277108433735,0.31304347826086953,0.026734073016405412,3.610659939797325e-06,0.4842284656688511,23.10430838853644,112.55071185436972,0
61,0.0072289156626506035,0.06400691794091483,0.028160989280864464,2.2042082396083583e-09,0.10613014794082416,23.053096932966305,113.30125007151028,0
62,0.004819277108433735,0.32736162039462197,0.029058939377419178,1.6091459551040608e-08,0.5067216902747945,23.14376397602876,112.57615785353664,0
63,0.004819277108433735,0.2465514230836389,0.020533028853185635,9.395185360054125e-09,0.381161291625642,23.138281479131777,112.28026716170764,0
64,0.012048192771084338,0.13852511495256387,0.015217506703477242,1.2394769859942731e-05,0.21654835238874662,23.15373892235365,111.72074209668534,0
65,0.004819277108433735,0.009488998090360046,0.029718701269285382,2.622081202701423e-08,0.02316925708719594,23.07429514413692,113.47274724639712,0
66,0.00963855421686747,0.050024445608521,0.029833028856370535,9.682555738222712e-11,0.0858215745844881,23.09420957558594,112.95877834454684,0
67,0.004819277108433735,0.12132006286013619,0.014825583037702155,1.6109543507013538e-06,0.18885187845124002,23.15339417613296,111.70172453606534,0
68,0.004819277108433735,0.028426750480181593,0.012040004644644135,0.07932961372017701,0.05225622025358411,23.46383543409204,111.2678971961018,0
69,0.00963855421686747,0.026970130348862614,0.023830790198539852,3.4597497416144095e-11,0.048920216407680885,23.05871024966067,113.41576865246547,0
70,0.004819277108433735,0.03039423394059329,0.02866375887817957,2.4324940335341265e-08,0.05466450132786019,23.161222308090043,112.85631309491036,0
71,0.00963855421686747,0.06298818462254815,0.02990030834818979,0.000241585978386615,0.10558780732110667,23.138134627052068,113.22174574936368,0
72,0.004819277108433735,0.3437751004016064,0.032276553993577574,4.2630317628880793e-10,0.532674094583111,23.172951586995893,112.65560943709558,0
73,0.004819277108433735,0.0,0.02381422090238234,0.00025376595167018914,0.0069597224576945895,23.09474601971001,112.39467457297155,0
74,0.004819277108433735,0.3410977242302543,0.03170392151760389,2.1206586394776542e-10,0.5284262669138712,23.17025089206855,112.64109362009408,0
75,0.00963855421686747,0.6220063599232448,0.04210732901897519,1.8076700471205066e-09,0.960002281308433,22.87844375306956,113.29837612066544,0
76,0.0072289156626506035,0.001511359447451642,0.02897290557974178,6.734443020919662e-11,0.011267439260060444,23.1033062599634,112.95372448112728,0
77,0.004819277108433735,0.33839706652697743,0.031146532172947626,2.6073316532492965e-10,0.5241476211175251,23.16816755823885,112.6300000857674,0
78,0.004819277108433735,0.2396833711658227,0.019945146724618668,1.0780718502964232e-09,0.3705313000589042,23.123619014459216,112.25827224987594,0
79,0.0072289156626506035,0.0001862522553984052,0.015200622750627495,1.1145049392720175e-05,0.005084032807920542,23.131292084223507,111.96334913617795,0
80,0.004819277108433735,0.10867819102496944,0.014266709658586443,3.2674244194764404e-06,0.16944393816820352,23.15768137047132,111.66677439523428,0
81,0.0072289156626506035,0.1540073336825563,0.015618834830105144,8.662353878541877e-06,0.23930187801799632,23.10021272139761,111.97681952708083,0
82,0.012048192771084338,0.04705973653066371,0.028290861684623955,0.0014860596561471454,0.08141287065776914,23.23778263928798,113.1753469455684,0
83,0.004819277108433735,0.12381471596069109,0.03845884144794768,1.6859475621861514e-10,0.1997998261593632,22.97622382607332,113.52571403338308,0
84,0.004819277108433735,0.0,0.01557798811985358,1.988005691000848e-06,0.004449554285727221,23.09011972580622,111.9862492417422,0
85,0.004819277108433735,8.148536173680228e-05,0.02903430619908285,9.169550439955963e-05,0.00865189109805422,23.152699047435853,113.21217770417708,0
86,0.0072289156626506035,0.002328153192480065,0.012471087737179259,0.31460304014929347,0.029790205787469725,23.22723869656781,111.52809333365448,0
87,0.0072289156626506035,0.009491492540209142,0.03886983530870218,2.131506704200791e-09,0.026406827017770536,23.046035016487814,113.23024770115256,0
89,0.004819277108433735,0.0023165124265176647,0.02984385990082899,6.235798344860907e-05,0.012296150070181384,23.18520772730156,113.2104616206512,0
90,0.004819277108433735,0.22920668179966242,0.01911050534961719,5.057189969676729e-11,0.35433485987921987,23.11279262796612,112.2227329106911,0
91,0.012048192771084338,0.015121354985157884,0.027530955760882634,0.001573068026565686,0.03258388967580842,23.25740990530928,113.15691719332656,0
92,0.004819277108433735,0.3188405797101449,0.027629042656239368,4.141734755209646e-07,0.4933213392185927,23.122377113381173,112.56449525266258,0
93,0.00963855421686747,0.06739925887123366,0.03273412221680606,1.3906470592235971e-05,0.11314218081271499,23.24276060358737,112.81576678348058,0
94,0.004819277108433735,0.02374716256329666,0.011899870828750596,0.025445341575948143,0.04127731375080742,23.41645432645016,111.20622591096075,0
95,0.004819277108433735,0.06053198300448169,0.03175781475461419,4.8428474548791524e-06,0.1014660347699822,23.275733604112144,112.8542193392314,0
96,0.004819277108433735,0.045345661458809715,0.025947578191554094,9.67559939556301e-11,0.07659628257121373,23.0527744418886,113.31979889307704,0
97,0.0072289156626506035,0.022638407321487444,0.024086359502708442,4.0835611950461415e-10,0.04194077603915174,23.04674468850452,113.339787046488,0
98,0.004819277108433735,0.21173019660884163,0.039147503434061995,4.366333960880582e-09,0.33380173986384293,23.028178228253346,113.26282657073727,0
99,0.004819277108433735,0.11291542983528316,0.03141795127306351,1.698562001359177e-10,0.18108220518238807,23.082748424920595,113.54916368716825,0
100,0.00963855421686747,0.14321565997137853,0.03171125982209836,8.14566486023766e-08,0.22821230186427735,23.065245534344044,113.4878868266388,0
101,0.0072289156626506035,0.004538928661505927,0.02833767502442201,3.426583130235942e-08,0.01568270004311921,23.01627519044488,113.0342009319437,0
102,0.0072289156626506035,0.10867819102496944,0.030567428123919146,8.172442764610879e-11,0.1748409975492146,23.08812906262784,113.57063508461027,0
103,0.004819277108433735,0.25667888947092715,0.021466007131885772,2.4182978278155046e-07,0.3968560432475676,23.16431183890337,112.28533348862484,0
104,0.004819277108433735,0.3159536697514696,0.027175987738311085,1.2228816331774622e-06,0.488790876407723,23.1117493207424,112.55679054831084,0
105,0.004819277108433735,0.07836563645887899,0.02620733523906248,2.956663349224698e-13,0.12692608990142168,23.10532550329215,113.60321863010572,0
106,0.004819277108433735,0.051475467085734236,0.02907538473077369,0.0005212057409299448,0.08690827854561059,23.20631203117945,113.19683763060166,0
107,0.0072289156626506035,0.2420282833658072,0.03680573462471719,4.697352657195396e-10,0.3796665983669086,22.99712124489453,113.51975145888076,0
108,0.0072289156626506035,0.04739537861591293,0.03751114707987742,1.0267579225116232e-10,0.08367942482271506,22.82028808013717,113.60024224639363,0
109,0.0072289156626506035,0.03186097045185576,0.02871582746833067,1.0924650512412183e-09,0.05737697510893756,23.15478166359504,112.88021469743404,0
110,0.0072289156626506035,0.0143414236656772,0.021825065768596903,3.269604934478462e-16,0.0286297896264581,23.13608879717172,113.74502355594193,0
111,0.0072289156626506035,0.35681275827949477,0.03407475033611481,6.2397561374856176e-09,0.5535240816240187,23.17084358205342,112.74421040492729,0
112,0.004819277108433735,0.04691228682847331,0.02912483266398929,2.0452748387220996e-07,0.07994191405264506,23.57592855640381,112.95284223194702,0
113,0.0072289156626506035,0.44627185068777486,0.04170992881613729,2.1254930008528306e-09,0.6919771942218917,22.832616678741243,113.30820689790522,0
114,0.004819277108433735,0.0,0.01557798811985358,1.988005691000848e-06,0.004449554285727221,23.08324957401789,112.01875268120564,0
115,0.004819277108433735,0.0006809848088004169,0.02875802116948061,6.839683133957838e-11,0.009474137181984931,23.11238192401808,112.94687471764064,0
116,0.004819277108433735,0.26985623654036434,0.02281485642821076,1.8378855237721218e-05,0.4173193462149455,23.14865081830604,112.35641256648482,0
120,0.004819277108433735,0.03771608171817705,0.027580837374460935,2.48038026286018e-08,0.06547950109611453,23.68639811465373,113.07817397905156,0
121,0.0024096385542168677,0.0,0.020912264096581708,3.75381936434985e-17,0.00559902642001503,23.11220977335472,113.93127490373271,0
122,0.004819277108433735,0.01904429311448693,0.02490062029287634,3.647860295938345e-10,0.03625292415758381,23.96017017555079,113.27696652732976,0
123,0.00963855421686747,0.018863861242069728,0.012327823591908125,0.41728164547209723,0.062645626126092,23.36284601812072,111.50369232283036,0
124,0.00963855421686747,0.004823157363754535,0.02680031550301362,0.0012218712000709594,0.01620111624210415,23.3004739148032,113.16197982294528,0
125,0.0024096385542168677,0.0,0.026099164246521263,0.0003686208973631738,0.007194717055362225,23.34929592835837,113.12673741590024,0
126,0.004819277108433735,0.0005471160002328152,0.0318217434619245,6.804908091955592e-10,0.010197514187354064,23.16891657245553,112.71575553951736,0
127,0.004819277108433735,0.0,0.014989410596433874,5.590421970661082e-06,0.004271701574643147,23.13861911262796,111.75440232884328,0
128,0.004819277108433735,0.036336355313132035,0.027848068199350692,3.1376150235600363e-07,0.06346066115431617,23.098920749317173,113.40261980584783,0
129,0.0072289156626506035,0.3547989057679995,0.03346439004675271,2.6215864569476628e-09,0.550274615547893,23.16872955569492,112.727245750384,0
130,0.004819277108433735,0.004795995576508934,0.021360026949081012,1.1697253623614782e-16,0.013497849861377415,23.10345486266428,113.8707372457582,0
131,0.004819277108433735,0.36682381700715905,0.03599348791962666,7.225184699948484e-08,0.5688753880636309,23.155777129673943,112.78723919677932,0
132,0.004819277108433735,0.21465967851160797,0.04010241375297267,1.974648108895894e-09,0.33854891257917613,22.998264759408386,113.2516217362222,0
134,0.004819277108433735,0.3041732145975205,0.025471593861813142,9.29379509319819e-05,0.4703536099933947,23.07335145151006,112.52917891286492,0
135,0.0072289156626506035,0.018764914731389325,0.01232745384224279,0.3537790694783914,0.05753449336660735,23.42740215642314,111.4958647304256,0
136,0.004819277108433735,0.23181467531039718,0.03481952207338333,1.34545093835169e-09,0.3630574759413797,23.0305223073137,113.51485405723622,0
137,0.004819277108433735,0.1247800865296935,0.03568101732391847,1.0856337442420153e-09,0.20042837884720038,22.97766909482569,112.98181948437424,0
138,0.004819277108433735,0.03308305686514172,0.026863375068903062,8.63776381455964e-09,0.05821165637895672,23.745829507476305,113.19875590813044,0
139,0.004819277108433735,0.0018508817880216516,0.03238336263427488,1.0273542062678394e-09,0.012351590430984044,23.168424672207088,112.72031646184328,0
141,0.0072289156626506035,0.11779818607302449,0.036043991805158014,6.095084822691748e-10,0.19037744133951645,23.02050497802718,113.5173068665329,0
143,0.0024096385542168677,0.0,0.03368931463559155,1.516786386427713e-10,0.009465453029183245,22.23390499723161,113.15538666488852,0
144,0.004819277108433735,0.2112799022175659,0.017833541829922195,1.6872888231429887e-09,0.32666670575063295,23.080248283270496,112.15668487841135,0
147,0.004819277108433735,0.07836563645887899,0.013084061966517584,0.009171258191038596,0.12360420164419839,23.18975051257779,111.58274512170613,0
148,0.004819277108433735,0.004795995576508934,0.031730845252390706,2.2798225150840663e-12,0.016636133428076627,22.36140696024545,113.95348158537894,0
150,0.004819277108433735,0.23071319092796302,0.04094129281344923,8.757943140671511e-10,0.3632336815817473,22.89769881223059,113.22287597895944,0
152,0.004819277108433735,0.12287763430071788,0.03845524312820142,1.4213305803175324e-10,0.19837264653596434,22.97338051683257,113.50611199754908,0
153,0.004819277108433735,0.26331412606949534,0.022124650834592068,2.1082112170840857e-06,0.4071532710591957,23.172781625986133,112.30369176256238,0
154,0.004819277108433735,0.042325825039287585,0.028333767996292353,7.122542401341283e-08,0.07272265009477219,23.682115170264304,112.98419759579576,0
155,0.0072289156626506035,0.05175484546883184,0.023865383727454236,1.4399499119208185e-14,0.08618454168374397,23.107706999004403,113.6358341844013,0
157,0.004819277108433735,0.1257179811955435,0.03935366129396944,2.0275579195891105e-10,0.20296707504865813,22.95063761152335,113.49887870442176,0
158,0.004819277108433735,0.0143181421337524,0.024302840501077155,1.270100343025236e-10,0.028879574046380484,24.01276717440521,113.27727752055632,0
159,0.0072289156626506035,0.23287158295015808,0.03784270679994631,6.570580514933316e-09,0.36604533764983443,22.88129245844413,113.12060750278904,0
160,0.004819277108433735,0.0031468870651689047,0.02751805292944676,0.0008169436370719974,0.012909466998744807,23.31150512706502,113.1498234301356,0
161,0.004819277108433735,0.0,0.01232154086261405,0.25198747479564915,0.021304228064947483,23.23830134260617,111.54280646867336,0
162,0.004819277108433735,0.0,0.014989410596433874,5.590421970661082e-06,0.004271701574643147,23.135666201942964,111.7612275697681,0
163,0.0024096385542168677,0.0,0.030752685264064113,7.141379510959927e-13,0.008576808031364798,22.152038038502603,113.80423211348791,0
164,0.004819277108433735,0.10397386186106268,0.03180696784973045,1.3074936170273435e-05,0.16759319142147863,23.0737409489127,113.25432403754262,0
165,0.0072289156626506035,0.14452097786129584,0.0322790888678408,3.9224825937155866e-08,0.2299060392357798,23.058301526873827,113.4976323676196,0
166,0.00963855421686747,0.2826610790990047,0.023912592422283968,0.00032549274215641725,0.4380893804383364,23.11082131566643,112.40108342072718,0
168,0.004819277108433735,0.2362144229090274,0.019660829397475096,3.660619042042379e-10,0.3651660704921054,23.120233718461524,112.24776604131029,0
170,0.004819277108433735,0.0143181421337524,0.03386976831925973,1.8726183855633548e-11,0.03177459461240163,22.513274240083163,113.8526624200951,0
171,0.004819277108433735,0.01904429311448693,0.01176228825670998,0.008161635619684509,0.032854999608524546,23.426184487738823,111.15416579181095,0
172,0.004819277108433735,0.026366334904836735,0.040149422541195356,7.390593133141364e-10,0.05201031523420672,22.80600306695169,113.33983274142066,0
173,0.004819277108433735,0.07394214539316686,0.012927677116164465,0.02859272258310391,0.11820002464920545,23.19174407962516,111.57824295656226,0
174,0.0072289156626506035,0.12665506285551673,0.03935742971887551,2.8788585453855995e-10,0.20485888321591217,22.95804217795021,113.53771904492424,0
175,0.004819277108433735,0.046657834466460366,0.029157891497887122,4.4937137317564316e-06,0.07956498512599061,23.108209741121293,113.36075233956797,0
176,0.004819277108433735,0.009568709621093067,0.03612318848252917,1.4163396447516945e-09,0.025228607227600276,22.448664047259,113.18422836329113,0
177,0.004819277108433735,0.0143181421337524,0.03386976831925973,1.8726183855633548e-11,0.03177459461240163,22.419148343780165,113.75476495090074,0
180,0.0072289156626506035,0.0022059251498748617,0.015398233124315033,1.0260106863068286e-05,0.008217392614558412,23.11580991898809,111.97378032480424,0
182,0.004819277108433735,0.009568709621093067,0.02373034864631737,4.4160999326952185e-11,0.021478445430260947,24.05612543106133,113.32007891750976,0
183,0.0072289156626506035,0.42200085365617024,0.04002041271219249,5.6248820242572937e-08,0.6545293023854118,22.81218061372187,113.0117675509126,0
184,0.0072289156626506035,0.04391837420997548,0.028677758760411447,1.8889874733357533e-06,0.07571505900477836,23.110109807440267,113.38614976430316,0
185,0.004819277108433735,0.2256678889470927,0.018844144631342756,3.9134592183230205e-11,0.34886877168206465,23.109747575794728,112.21881962754684,0
188,0.0072289156626506035,0.1499537787681669,0.03287025260350423,2.1367962900981132e-08,0.23835279592671516,23.051699016451,113.50477652161416,0
190,0.004819277108433735,0.028426750480181593,0.026178957869695343,3.0080433818274625e-09,0.05091838126661072,23.78243595744018,113.22517519007476,0
192,0.004819277108433735,0.10687629284102124,0.03236551213120851,4.70032184748569e-06,0.17217866096466025,23.06420756319244,113.26166971019576,0
193,0.004819277108433735,0.3692683778592631,0.03666782394095966,2.0620245209730255e-07,0.5727996931597086,23.15275296117513,112.7881745014757,0
195,0.004819277108433735,0.10441767068273092,0.014087733969296207,1.001003021332845e-05,0.16290641506419523,23.16624715381795,111.64963315368318,0
196,0.00963855421686747,0.03850183342063908,0.03624743262670578,8.25171271966687e-11,0.07022701737040897,22.645776589062468,113.69330684344548,0
197,0.004819277108433735,0.0143181421337524,0.011627192807553732,0.0026176221257422586,0.025229155380179624,23.45281951005977,111.0947201664468,0
198,0.004819277108433735,0.009568709621093067,0.032768048995791825,6.569385245884746e-12,0.02421331799565881,22.466588004822874,113.8584514135725,0
199,0.0072289156626506035,0.06502531866596821,0.012623533847913536,0.2779128929433603,0.12265395801000531,23.21523902930484,111.53514389224974,0
202,0.004819277108433735,0.1254874570746755,0.015019537312414283,4.351363668005375e-06,0.19525288225782939,23.152718937794607,111.70675782740317,0
203,0.0072289156626506035,0.2448453487287081,0.03761413366470366,2.4825800737250975e-10,0.3841983556043519,22.98879814958941,113.52116558915829,0
204,0.004819277108433735,0.4330362997885257,0.0412784612387483,4.308275688681672e-09,0.6712396275962045,22.778879086539217,113.2467940988804,0
205,0.004819277108433735,0.004795995576508934,0.026795073900138005,0.0005220894504093747,0.015179496772677476,23.24165375504652,113.07970058319442,0
206,0.0072289156626506035,0.3618648507071765,0.03469899861158437,1.1820017975957832e-08,0.5614014732285885,23.170204544683163,112.76425454079208,0
208,0.004819277108433735,0.09582678540247948,0.013740167771678429,9.708109002366256e-05,0.14973342874763257,23.18580857909805,111.63476024584216,0
210,0.004819277108433735,0.004795995576508934,0.034866783046676016,4.876694923519102e-10,0.017585090599444627,22.347403550943483,113.19242519064912,0
214,0.004819277108433735,0.004795995576508934,0.031730845252390706,2.2798225150840667e-12,0.016636133428076627,22.22456719036657,113.8073419482449,0
216,0.004819277108433735,0.43184894166036086,0.040859890501463055,1.1735468839750994e-08,0.6693059935091329,22.74993052044377,113.22999405784492,0
217,0.004819277108433735,0.0,0.039050797012277136,2.475402835103507e-10,0.011552452897270906,22.927762174938813,113.55150800817158,0
219,0.004819277108433735,0.4207203694003063,0.03959630429231376,1.196020290559955e-07,0.6519876961471085,22.87592293889649,112.91186183863968,0
220,0.004819277108433735,0.021925382690181013,0.038708762342646155,2.5759954062846204e-10,0.04481593110243866,22.749221202934663,113.3982129847559,0
221,0.00963855421686747,0.43949110451467677,0.04045370458210796,3.34344252254251e-08,0.6817424030359158,22.67203060283505,113.09509067680976,0
223,0.0024096385542168677,0.0,0.02265514488778618,4.7144614101729e-12,0.006126434575183204,24.25576115336434,113.4653453653198,0
224,0.004819277108433735,0.11291542983528316,0.014449275393011666,1.2105475682909358e-06,0.1759474485603076,23.15775167297051,111.67364941706884,0
225,0.00963855421686747,0.03790233397357546,0.03504217226994773,5.336087828174908e-11,0.06894995322231527,22.53974616222545,113.81114745352411,0
226,0.0072289156626506035,0.0071513105562346,0.02751805292944676,0.0007231231484934539,0.019461503812152052,23.254195611384446,113.12570693405196,0
228,0.004819277108433735,0.0,0.032050034197927076,1.9439934718925646e-08,0.009433973510280204,23.056728984148144,113.5007666226946,0
230,0.004819277108433735,0.09149642046446656,0.013571393051154594,0.0003026568402940807,0.14310677706386976,23.19223369267389,111.62337731958752,0
231,0.004819277108433735,0.11712938711367207,0.014635531764918878,8.543911567775553e-07,0.1824167653474882,23.160303464910346,111.6826399692784,0
232,0.004819277108433735,0.0,0.03944051804569781,2.788488610984774e-08,0.011670387217518143,22.75987699228624,113.0757943515934,0
234,0.004819277108433735,0.31011000523834464,0.026302933479727175,1.0660774466973226e-05,0.479634214836539,23.097212099699707,112.54274286194796,0
236,0.0072289156626506035,0.03315290146091612,0.023326313198309696,5.922857123351444e-15,0.0577121851672596,23.12115309473592,113.6599075116622,0
238,0.0072289156626506035,0.0027049259841297533,0.03277327474317972,1.4365470689712233e-05,0.014234895454008216,23.24921241705025,112.81922514837832,0
240,0.004819277108433735,0.009568709621093067,0.011494522430690966,0.0008387949462527135,0.017835182270720347,23.43053603675333,111.01938880242166,0
241,0.004819277108433735,0.017490250858506487,0.03736790967853595,9.1385356621901e-11,0.037660607171063454,22.732264129628028,113.4444573360791,0
242,0.004819277108433735,0.004795995576508934,0.023181592699053403,1.5179642355850327e-11,0.01404906864686394,24.14253640789058,113.39945558639808,0
243,0.004819277108433735,0.0022474438818074222,0.03265869197888095,7.940769660352927e-06,0.013038974241278162,23.208333759630765,112.8068354659738,0
245,0.004819277108433735,0.02374716256329666,0.02280599481490494,2.156442406986535e-15,0.04277610236765512,23.13074208551929,113.69880220922296,0
246,0.004819277108433735,0.2221058145625982,0.01858342625827268,7.635603738111913e-11,0.3433689600762997,23.09781298532399,112.20837561898888,0
248,0.004819277108433735,0.4194554061657255,0.03918482587036103,3.284852784751508e-07,0.6499381197547847,23.01584625823579,112.83018504652884,0
249,0.004819277108433735,0.2039462196612537,0.017359025153280267,1.3873506579421633e-08,0.3153624043106714,23.085770688850268,112.121786274373,0
252,0.0072289156626506035,0.010761888132239099,0.035502257800312416,5.0947080644917856e-11,0.02732111597340005,22.614623437130568,113.70504512886107,0
254,0.0072289156626506035,0.2763052208835341,0.023538722785305357,0.00016022223824065337,0.42782735143207,23.129944648424324,112.39319375015612,0
255,0.004819277108433735,0.005985293832334177,0.028147489286003073,3.258881773720515e-12,0.017361709054056883,22.989444943101542,113.14425626507338,0
257,0.004819277108433735,0.12132006286013619,0.033253207002768355,1.2253439400374361e-09,0.1944280948933918,23.05275475576904,113.52571880321403,0
258,0.004819277108433735,0.1001338688085676,0.013912251245784681,3.1146130363829415e-05,0.15633553716288753,23.179453049344303,111.64064189726253,0
259,0.004819277108433735,0.062247249869041406,0.032032549181998035,5.1847422167888615e-11,0.10415919460740883,23.048330084771788,112.97813828852216,0
261,0.0024096385542168677,0.0,0.026779361386123066,0.00021815581207496593,0.007389896915184599,23.25233842803941,113.09598809838444,0
263,0.0072289156626506035,0.11779818607302449,0.036043991805158014,6.095084822691748e-10,0.19037744133951645,23.02045014108004,113.5125878461829,0
266,0.004819277108433735,0.0143181421337524,0.03746669448990127,4.066629515857655e-09,0.03286305040570018,22.51403734962544,113.16871979569046,0
267,0.004819277108433735,0.009568709621093067,0.032768048995791825,6.569385245884746e-12,0.02421331799565881,22.281059043375947,113.7324472937305,0
268,0.004819277108433735,0.011471974855945519,0.03569031248299903,2.7375828145728414e-11,0.027994085786290427,22.591543036704472,113.59746682073816,0
269,0.004819277108433735,0.3329259065246493,0.03007534308167839,1.8517220933371612e-09,0.5154972276759221,23.165341008020707,112.5982605418718,0
270,0.0072289156626506035,0.11192583538663506,0.03007754398494086,1.2158449618980865e-08,0.1796351593522029,23.08524030824808,113.4682413602809,0
271,0.004819277108433735,0.009794928506295668,0.028895503272934255,8.991929767398602e-12,0.023385727572779444,22.98916937703629,113.14176346891853,0
272,0.004819277108433735,0.0377032768756186,0.032568117159605135,3.686900415601658e-12,0.06696919881026678,23.00773012226699,113.16024225911931,0
274,0.0024096385542168677,0.0,0.030752685264064113,7.141379510959926e-13,0.008576808031364798,22.34071364226533,114.12261856448968,0
275,0.004819277108433735,0.06949537279552995,0.0127741923404574,0.08914194437605401,0.11567306218589941,23.203511127988538,111.56094955475336,0
276,0.004819277108433735,0.08276584599266631,0.013243423185249455,0.002941726837903512,0.12990781250034564,23.192098772287792,111.60623485881206,0
289,0.004819277108433735,0.01904429311448693,0.038906629927510115,1.1660935746741858e-08,0.040491243341050344,22.612458607355,113.15796486935665,0
291,0.004819277108433735,0.004795995576508934,0.011364217064014623,0.0002664899844677874,0.010491913505215946,23.39354891605949,110.94278446038312,0
292,0.004819277108433735,0.02374716256329666,0.02552537812409743,1.0475279812220647e-09,0.04359900722143719,23.82684836675197,113.25489830721766,0
293,0.004819277108433735,0.15285147953211525,0.033540855112960406,7.937319400439777e-09,0.2425009913360917,23.0482870235403,113.5077773997557,0
294,0.0024096385542168677,0.0,0.033380137948040026,4.0758661910359793e-07,0.009371922804606997,23.050828125636635,113.27447688968007,0
297,0.00963855421686747,0.024663678870069605,0.030734288383624978,6.3276264516231656e-12,0.047499208177867305,23.000733610572382,113.16275102736742,0
298,0.004819277108433735,0.24995052674465978,0.020836990547742303,2.7739951046877582e-08,0.3864261744886209,23.15421148719348,112.28230801158044,0
301,0.004819277108433735,4.65630638496013e-05,0.026798568074213786,0.0006927277207448778,0.00796474650995568,23.267433259922104,113.14101454916052,0
302,0.004819277108433735,0.007982655258716023,0.02894434074325471,4.268972153501468e-07,0.020642541819424123,23.00228042734273,113.05323892729584,0
303,0.0072289156626506035,0.03333022912907685,0.0316258570755784,4.517920423594604e-12,0.06049355111475997,23.004707190965537,113.15978979921192,0
305,0.0024096385542168677,0.0,0.026094193292757088,0.0001575068482688606,0.0071782663321912875,23.23448371816937,113.06713800691678,0
308,0.0072289156626506035,0.011971557728498533,0.029632994848898114,1.2070716738312765e-06,0.027386047273735538,23.00280979753063,113.05521612538725,0
309,0.004819277108433735,0.005004365287235889,0.02772783097579551,1.3634661705756933e-12,0.015741898657083527,22.989051956854496,113.14718274182894,0
311,0.0072289156626506035,0.06502531866596821,0.02499146531401051,7.988244821008605e-14,0.1067208727902654,23.107836314798085,113.6132444257454,0
314,0.004819277108433735,0.013998021069786391,0.036375753478557114,3.689805971891442e-11,0.03204574973478473,22.748405576491493,113.55528524638612,0
316,0.004819277108433735,0.12859825776536082,0.03672680176518782,2.4039140501627096e-09,0.2065554962243972,22.903362516472647,113.06938125316316,0
318,0.004819277108433735,0.08714277399452883,0.013405839673642873,0.0009435738244881331,0.13647649069507642,23.192866044083605,111.61927615039504,0
319,0.004819277108433735,0.2274964592670196,0.03984582050937634,1.0189034730853556e-09,0.35800682474336537,22.894156678798943,113.15816561632457,0
321,0.0072289156626506035,0.013645693886657683,0.02935573448712355,4.203599788774279e-12,0.02984983249556063,22.99325112290189,113.16122149938916,0
324,0.00963855421686747,0.02069243156199678,0.03046998580726643,2.3121785827367134e-06,0.04137577889544189,23.005061239173774,113.06025379215303,0
328,0.0024096385542168677,0.0,0.023834936125853447,1.0823608410838836e-14,0.0064834478158584,23.05684325038476,113.59710407218792,0
333,0.0072289156626506035,0.04645325262402281,0.03463175249024409,1.9276931875464853e-11,0.08137433205952,23.01226131141701,113.1652591687108,0
335,0.0072289156626506035,0.014191257784762299,0.029684359277352076,2.536786381954871e-11,0.030779539056464526,22.98779151155249,113.1382615498176,0
336,0.0072289156626506035,0.03631259336864351,0.03232224272996358,2.893256044291658e-10,0.0652429712030792,22.98025589475037,113.12924117065523,0
337,0.004819277108433735,0.02733756281163291,0.03139155568274779,1.0610084276239935e-10,0.05083817818674088,22.98371805819837,113.13231708475128,0
340,0.00963855421686747,0.020937857711037386,0.03985741258283717,1.746450801331288e-09,0.04458981755632272,23.04429549220384,113.22176067073606,0
345,0.004819277108433735,0.004164484023048717,0.028290861684623955,1.5245794019107657e-07,0.014634119511851165,23.0022776592783,113.05077033459536,0
349,0.004819277108433735,0.224303009138001,0.03881477368535431,2.381760010388391e-09,0.352834894426927,22.90886535568973,113.11582453520847,0
351,0.00963855421686747,0.04424364123159303,0.03260687334821237,3.3413437966178884e-09,0.07786348585370467,23.029227617739547,112.99279583694704,0
352,0.00963855421686747,0.03546262344062239,0.03165996291435964,4.603585437360728e-09,0.06421361757477499,23.03329334425048,112.99771923401391,0
355,0.004819277108433735,0.17754496245852977,0.016459478537271907,2.102211382949955e-07,0.2749116523692147,23.090732027633283,112.09070242890238,0
356,0.0072289156626506035,0.008262421667345669,0.029948239474950223,5.352945588619687e-12,0.021836636000463372,22.99877485590196,113.16324587745494,0
361,0.004819277108433735,0.0420763246221603,0.03356824882017452,7.0824767336420014e-12,0.0739269359224486,23.009754585682604,113.16218378815825,0
362,0.0072289156626506035,0.12607415167918035,0.03469899861158437,1.0535620992057617e-09,0.20256515345388343,23.02873494446827,112.98573669241472,0
364,0.0072289156626506035,0.21462691807025663,0.03830114980469824,1.2487740657208563e-08,0.33841855884004013,23.047790929770727,113.25023659430884,0
366,0.004819277108433735,0.200861324294186,0.035210283436495925,4.6678375343729385e-07,0.31606962938244343,23.0557560097952,113.26307803955964,0
370,0.004819277108433735,0.0639764856527556,0.038276181649675625,2.506397731338107e-10,0.10868018692283632,23.01927541928493,113.1777635487818,0
373,0.004819277108433735,0.01904429311448693,0.022305961063400458,7.969492050458305e-16,0.035467761747991794,23.141545801321985,113.72044351921996,0
374,0.004819277108433735,0.055967832683390555,0.03545020170383102,3.913251030887288e-08,0.09563711912523024,22.97577316320424,113.10474760171506,0
375,0.004819277108433735,0.05154046136235765,0.03432517442410363,1.0848344125794417e-07,0.08855892069108619,22.976748321281733,113.1017420465421,0
379,0.004819277108433735,0.04047998758318279,0.033307101989806874,7.244676919993866e-10,0.07141853744794938,22.978768140308176,113.12678421323795,0
383,0.0072289156626506035,0.05521874939370999,0.03576796088714793,3.8250731926914663e-11,0.09505786279191365,23.01571101049608,113.17172595237824,0
386,0.0024096385542168677,0.0,0.0024096385542168677,1.638779831933393e-72,0.0,23.075125885095314,113.38274311500912,0
387,0.004819277108433735,0.0,0.012324496643204199,0.28184980051042563,0.023419318930684312,23.27746183583628,111.56519148831164,0
390,0.0072289156626506035,0.05306346157577169,0.033617670419942486,1.8967104966053466e-09,0.09112716098378848,23.02776543983259,112.988802156944,0
392,0.004819277108433735,0.00042488795762761185,0.03741894014513992,8.875116025991453e-10,0.011705253992319956,23.045707570545336,113.22724955134886,0
393,0.004819277108433735,0.05232688749014933,0.030201310790963103,3.861860641541801e-05,0.08851055333996774,23.11382127390861,113.25670767192103,0
395,0.004819277108433735,0.2327221931203073,0.019382675715831965,1.266569376137851e-10,0.35976727529589814,23.12074028837061,112.23816173621968,0
405,0.004819277108433735,0.10139219865429033,0.031272132584205796,3.863929330874147e-05,0.16350427144336205,23.08486626505661,113.24566890737547,0
407,0.004819277108433735,0.06591409114719751,0.03283873750033692,1.3331035755657729e-10,0.10998350803318248,23.043771689453685,112.9796448831246,0
411,0.0072289156626506035,0.026638922841122948,0.030761891965737358,5.6148744677112495e-09,0.05004899487565254,23.03491031074624,113.00170609634355,0
413,0.00963855421686747,0.19925412254031055,0.03453572292699915,1.351030503704139e-06,0.31434881127694875,23.05577810678613,113.2682368470385,0
415,0.0072289156626506035,0.1001338688085676,0.029755276808384627,4.4378923105692755e-11,0.16159212164547865,23.090679515699502,113.57661997388782,0
419,0.0072289156626506035,0.046093257317283906,0.02851857053526345,2.2333942176479528e-08,0.07897658501431037,23.09224761275384,113.4282162902385,0
427,0.004819277108433735,0.0,0.032562956627651476,1.6449308722226798e-09,0.009589186234997878,23.02824166470644,112.99075862925535,0
429,0.004819277108433735,0.0,0.024970208903658375,7.168835948815338e-14,0.007291566518028898,23.109025364066085,113.60979581724432,0
434,0.004819277108433735,0.0,0.028283074494509827,1.585516074877265e-08,0.008294064390347385,23.02920480864079,113.02328237400128,0
436,0.00963855421686747,0.0178773063267563,0.029106269991800642,2.64496548733873e-08,0.03667876956995949,23.030771793652264,113.0212778096836,0
437,0.004819277108433735,0.0,0.03161855823941972,2.49494112721453e-09,0.00930340460897133,23.032211072173315,112.99580663070108,0
439,0.0072289156626506035,0.20357245868682908,0.03592741595753644,1.962209541017027e-07,0.32087711638744604,23.05380954278572,113.26070965323336,0
447,0.0072289156626506035,0.03067361232369092,0.028512635348887743,2.180734449490791e-09,0.055508515678574254,23.160210371793124,112.86726863361312,0
449,0.0072289156626506035,0.022964515065091378,0.03051523042202219,4.857302061385954e-11,0.044382482834774487,22.985266788957848,113.13429972977606,0
454,0.0072289156626506035,0.2090474989444781,0.03668091374870298,9.559402902270693e-08,0.32943727230247566,23.05173224333004,113.25673023174733,0
455,0.00963855421686747,0.148136211743685,0.033880936324640745,1.8748858747098035e-06,0.23635729347960854,23.0572674056401,113.27274561315626,0
458,0.004819277108433735,0.0,0.02953928694510686,1.4569180731775294e-06,0.008674305259720447,23.006759247155312,113.06725936889042,0
459,0.004819277108433735,0.0595917971402516,0.0369779251960609,8.822660971567063e-11,0.10161451969830279,23.01824813441624,113.17575411017413,0
485,0.0072289156626506035,0.14480705430417326,0.03561300048125959,5.503955917859142e-06,0.2313506548584863,23.153304612866968,112.81361743925711,0
494,0.0024096385542168677,0.0,0.024776034634650484,1.3512264775651713e-09,0.006768231030681232,23.07991056493153,113.38419366750772,0
496,0.004819277108433735,0.007227751586054397,0.028246143808275503,1.0255648959514092e-12,0.01928238769375019,22.98849218779708,113.15028618478756,0
501,0.004819277108433735,0.0,0.03072509819497771,3.2088085849665497e-09,0.009033037279347048,23.03421667992904,112.9997884386492,0
510,0.0072289156626506035,0.055904390508895487,0.027494122587077188,1.0749029644163374e-09,0.09359757822412948,23.05348993896748,113.30617891929462,0
511,0.004819277108433735,0.09267036399566522,0.032922912412224996,6.293891849205916e-07,0.1507278590503461,23.057769252534392,113.27525512093516,0
524,0.00963855421686747,0.13768872591816547,0.03466680487130709,1.069742091455614e-05,0.22069629903949634,23.15577165978292,112.81723214648012,0
525,0.0072289156626506035,0.028304716450342448,0.028310348433270207,4.007079932465785e-09,0.05184221580485509,23.16119070845342,112.86277935679604,0
535,0.00963855421686747,0.034241507091166606,0.02891990138996741,7.608448922878513e-10,0.06152610832688396,23.1532378562296,112.88521868628308,0
541,0.004819277108433735,0.0,0.029647957769185374,2.321849968636902e-11,0.00870708668053956,22.986719596463665,113.13626685208334,0
549,0.004819277108433735,0.0,0.03452701936779375,5.0318342301013845e-06,0.010183881752623731,23.154700614020538,112.81529031650986,0
550,0.004819277108433735,0.03358768406961177,0.029222157024828783,6.95219933319899e-08,0.05969340808071089,23.16078111772721,112.85326856354888,0
565,0.0072289156626506035,0.008519932040099673,0.028737913477430908,1.0287591988703978e-08,0.021862273694175358,23.07780019427728,113.46514408978328,0
580,0.004819277108433735,0.11235227544639088,0.03059473265998339,1.3645539734516436e-08,0.1799760620022137,23.08281847052436,113.48401401349231,0
587,0.004819277108433735,0.044853035329724504,0.03435386480727322,2.017893983134137e-09,0.0783903855720382,22.97760941817366,113.12365737752884,0
595,0.004819277108433735,0.0,0.028798321087038736,4.730160947227759e-09,0.008449980895525617,23.05372387700444,113.29622292657024,0
603,0.00963855421686747,0.002578429660671672,0.03043839432379596,2.5961738464529682e-06,0.013799580323475816,23.00577164979492,113.06225819262686,0
610,0.004819277108433735,0.01985626425647376,0.023753663442999298,1.5512896925589905e-10,0.037141539056130136,23.044304119223995,113.3432468821028,0
614,0.004819277108433735,0.08447914501345617,0.031165426035351596,7.119248225051674e-08,0.1377302460266545,23.05769797044258,113.28379138972622,0
618,0.004819277108433735,0.047657489862832976,0.03196777152945609,4.7239423447121125e-06,0.08193660927779736,23.15804115900677,112.83871842290569,0
621,0.004819277108433735,0.0,0.02801319782948588,1.9218278846925706e-09,0.008212396800732132,23.16080866791517,112.86519797047735,0
637,0.004819277108433735,0.017423344170332103,0.02345811532185474,6.014989004017365e-11,0.03334958276925323,23.039282869619427,113.34876534136778,0
639,0.004819277108433735,0.04244323047885123,0.025546002769234688,1.6203384863641173e-10,0.0720577200217606,23.05279224838038,113.32321640798882,0
650,0.004819277108433735,0.036804415730555054,0.02980706639743396,1.9952161512159188e-07,0.06476577414937904,23.15895274796312,112.8452848630877,0
663,0.0072289156626506035,0.039579602052100746,0.025159747707775272,3.966307742577133e-10,0.06804742197597463,23.052212243233672,113.32627445250026,0
668,0.0072289156626506035,0.03662362354871519,0.02431290378906932,3.6850662923052443e-11,0.0632926270748095,23.064757932006057,113.4197441788431,0
669,0.0072289156626506035,3.492229788720098e-05,0.030042368142256914,8.036335684257612e-08,0.009344167063246167,23.067785934857817,113.47926166380807,0
674,0.004819277108433735,0.004237238810313718,0.03358470653327479,5.125258427906171e-06,0.01634714810620983,23.1574662771376,112.81926594280216,0
679,0.004819277108433735,0.0,0.03380291459447462,5.617683884715455e-09,0.009964406638403155,23.175076012190605,112.74841023685504,0
689,0.004819277108433735,0.06528706960346561,0.02778218457173292,4.59802029086981e-09,0.10749913131198151,23.075696485569345,113.43330714330196,0
695,0.004819277108433735,0.0003317618299284093,0.03268986228857209,5.804813881026132e-06,0.010132888916038146,23.15767926803403,112.82175292742856,0
696,0.0024096385542168677,0.0,0.03130786399712194,9.084848916783306e-11,0.008744809081009101,22.963302775205246,113.15313711056604,0
703,0.012048192771084338,0.03492717592246141,0.02479247427640348,6.807948739042296e-10,0.06178517651481783,23.05073729487188,113.3307122510852,0
710,0.004819277108433735,0.0143181421337524,0.026760182209402752,4.021205131134536e-08,0.029623186007064584,23.0855628509527,113.40557641890676,0
716,0.004819277108433735,0.10225912160258238,0.029556280638157403,9.107857589603894e-09,0.16430162769693724,23.092307652962244,113.46013488559788,0
722,0.004819277108433735,0.0,0.03458221611730895,1.7606312035286515e-11,0.010200228439459948,23.01330168035105,113.16717239347454,0
725,0.004819277108433735,0.0,0.027440889207785875,9.894834661549238e-10,0.008039212065015067,23.05225663143243,113.30473649612824,0
728,0.004819277108433735,0.15214073686048546,0.03766929140814012,9.100646604050423e-07,0.2426687110244778,23.145212880730792,112.80426062405364,0
734,0.004819277108433735,0.028265913897134436,0.028130151156951395,8.799331223228644e-09,0.05126405872220355,23.16077773382641,112.86025067014768,0
737,0.004819277108433735,8.730574471800244e-05,0.031699031201158176,6.785295242202458e-06,0.009461102107781342,23.21597995465705,112.8058154823271,0
750,0.004819277108433735,0.0,0.03565316087389112,8.80366079704826e-08,0.010524310190632704,23.05274252920823,113.2587690697422,0
755,0.0072289156626506035,0.05135277710797173,0.03380013474952441,1.7290152372529266e-06,0.08857910585253063,23.057244449737663,113.2697542222094,0
757,0.004819277108433735,0.08039323616065365,0.030357459085177403,2.4626722608552393e-08,0.1312676362161826,23.05775408040735,113.28595137045612,0
759,0.0072289156626506035,0.04892403291565158,0.02537096534285289,8.998449841376911e-11,0.08233209042375939,23.06925718819544,113.42423422289828,0
760,0.004819277108433735,0.05709585062125658,0.026520172832250413,5.425292162045093e-10,0.09465149167864498,23.072724766434693,113.42823661243654,0
762,0.004819277108433735,0.0611856397293799,0.027134722291821275,1.5748256706522803e-09,0.10106147389129276,23.074818274298973,113.4312350503224,0
764,0.0072289156626506035,0.038691670292857736,0.028226745316545353,9.202213633563377e-07,0.0676242901091467,23.10718661558024,113.38789982892486,0
767,0.004819277108433735,0.043839318627165655,0.031172517144802188,1.6450868961642543e-06,0.07588508619827278,23.157305709671544,112.8407123691094,0
775,0.00963855421686747,0.03840773722910967,0.03135084962274728,2.455238567039331e-06,0.06860225067110329,22.99879667846984,113.07476052122216,0
784,0.004819277108433735,0.052120587248926695,0.026919677662707416,3.6792386699348776e-10,0.08720081717201629,23.052132631316848,113.30778033737434,0
789,0.0072289156626506035,0.0021552878179384198,0.023775648669764383,2.9164193714006876e-11,0.010674669852221324,23.0631960194226,113.41832335230298,0
790,0.0072289156626506035,0.040732813933442504,0.02483141847234273,5.3148917956460277e-11,0.06970307409574177,23.066288354667407,113.42121910943636,0
793,0.004819277108433735,0.11509173570287574,0.031139452879325468,3.0498122643857396e-08,0.18430992660405687,23.076558508308374,113.48825719323668,0
795,0.004819277108433735,0.0,0.028615862880611072,3.6550335281066125e-10,0.008394767432253298,23.151769031687287,112.88672898304668,0
809,0.004819277108433735,0.0,0.029600982250933876,1.1050572897912355e-06,0.0086929497880943,23.004318153121726,113.05822437311096,0
815,0.004819277108433735,0.001937411481675493,0.038333299622665254,7.994836334403094e-10,0.014283768342660978,23.04474652313549,113.2237014149968,0
830,0.0072289156626506035,0.11013958756581421,0.033103224754688854,2.505264704787557e-06,0.17783254049350786,23.06027062194613,113.26825397772735,0
831,0.004819277108433735,0.0,0.023276114993443023,2.032415516308995e-11,0.00677892162268502,23.06130663944625,113.41720213539192,0
837,0.0072289156626506035,0.00142793395805444,0.016623913547735677,9.73699895010961e-08,0.0074035926472786956,23.09176114110555,112.09920915333414,0
838,0.0072289156626506035,0.07394214539316686,0.025587352210310454,1.4351639046993987e-13,0.12047119875118287,23.10673707776933,113.60826106198024,0
839,0.00963855421686747,0.47759909202025475,0.03879279269034609,9.371287299214287e-07,0.7392342201697665,23.142240210673528,112.79875167762764,0
854,0.0072289156626506035,8.536561705760238e-05,0.028312298584708743,2.4043588990642597e-08,0.00889739848128065,23.027328170301253,113.0251769817012,0
867,0.0024096385542168677,0.0,0.0024096385542168677,1.638779831933393e-72,0.0,23.058976629862133,113.36464375224443,0
869,0.004819277108433735,0.0,0.02478649370125539,4.4308879405543357e-11,0.0072359729909530265,23.06775134852841,113.422376297102,0
876,0.004819277108433735,0.09582678540247948,0.02897903395291665,1.6119015325855584e-11,0.15433794515588622,23.09157400543024,113.58320665895042,0
877,0.004819277108433735,0.0,0.028049521501004357,8.475003157577708e-07,0.00822344846810008,23.10988131113384,113.38990943723536,0
891,0.004819277108433735,0.0,0.0306952680025554,3.6272167788407197e-12,0.009024010223498413,23.00289222093464,113.1605818791918,0
897,0.004819277108433735,0.000465630638496013,0.03833687515662875,6.660593970228358e-10,0.012045031601755591,23.044248937724536,113.21975803854208,0
898,0.0024096385542168677,0.0,0.02419126771949481,2.2536955171335852e-10,0.006591276312831699,23.04881834452108,113.33082342791788,0
917,0.004819277108433735,0.04017732766816055,0.030420371442100275,5.728965363566974e-07,0.07008443197211674,23.158340285807657,112.84323994137436,0
945,0.004819277108433735,0.048535231332507395,0.02637212951903862,1.4210053416432991e-10,0.08157877798789193,23.051814268818845,113.31074985240456,0
954,0.004819277108433735,0.053009941768454055,0.025932843621314712,1.9428473897640336e-10,0.08825565169341232,23.07074157905614,113.42575972858972,0
961,0.004819277108433735,0.009568709621093067,0.023313082164164313,5.220188838260743e-15,0.021352177614363452,23.09007902530858,113.66511813034845,0
962,0.0072289156626506035,0.0005005529363832139,0.0164082254203448,1.0172266464981913e-07,0.005926996289982618,23.091709704806,112.09672985541224,0
963,0.0024096385542168677,0.0,0.022274530595827922,5.993048398261893e-16,0.0060112579761754,23.09464187033497,113.68212330599997,0
964,0.004819277108433735,0.3245445550317211,0.028570112508982125,4.7509476314374814e-08,0.5022866400637919,23.134732528247167,112.57322682420924,0
980,0.004819277108433735,0.0,0.02466600483431656,3.5655581620499957e-10,0.007199512222791485,23.05063481430963,113.32830491063352,0
998,0.0072289156626506035,0.182814349184175,0.01667990903592455,1.3244898364924172e-07,0.28346210470743954,23.09125282060286,112.09471345905357,0
1001,0.004819277108433735,0.04276496831586761,0.027952233307550114,4.293854043575331e-08,0.07327549989928472,23.092489023847914,113.42601184007589,0
1002,0.004819277108433735,0.08276584599266631,0.02685459905613962,7.778756885351376e-13,0.1338183826514752,23.09839558637316,113.59674884049358,0
1005,0.004819277108433735,0.0,0.028408186242342884,5.756694717199533e-10,0.00833192301557774,23.154173307828817,112.88322160130276,0
1012,0.0024096385542168677,0.0,0.030317152655765792,9.987125930269714e-12,0.008445012759233839,23.04259100714594,112.9888891572696,0
1018,0.0072289156626506035,0.23415576268727997,0.03541965171959814,8.223919204660914e-10,0.3672664228658753,23.027962958229125,113.51383908157533,0
1026,0.004819277108433735,0.2118005400945858,0.037470110179069815,3.2607471682377104e-08,0.3334012024136587,23.04917786852919,113.25219270425956,0
1038,0.0072289156626506035,0.0681161083256421,0.028858983187348464,5.241069255955497e-09,0.1125949068683065,23.053291806216432,113.29831049289936,0
1056,0.0072289156626506035,0.013626348042272612,0.029228391306657435,1.5516635754457694e-08,0.029781857310217746,23.07623382977974,113.46778780345198,0
1059,0.004819277108433735,0.2076247017053722,0.01759383753068006,4.837999515087079e-09,0.32103153007009344,23.087646331292166,112.1287490742907,0
1060,0.0072289156626506035,0.047724904679680366,0.027486767775979193,1.197710910540447e-07,0.08114747142558887,23.090545521230705,113.41226430041569,0
1062,0.004819277108433735,0.09149642046446656,0.028238381212931422,5.855270768662289e-12,0.14752368472900595,23.09253882080408,113.58521777122502,0
1063,0.0072289156626506035,0.00142793395805444,0.016623913547735677,9.73699895010961e-08,0.0074035926472786956,23.09461180763409,112.10015421864638,0
1064,0.004819277108433735,0.08714277399452883,0.027530955760882634,2.128472315738013e-12,0.1406840482908958,23.09578788022043,113.59070025430144,0
1066,0.00963855421686747,0.042091263605145215,0.02960524660046221,1.5248285580733272e-10,0.07367959211263109,23.1186002193872,112.94033680230922,0
1067,0.0024096385542168677,0.0,0.029030204729073094,7.288300122112144e-05,0.008060733118708805,23.13731900074653,113.17506867741436,0
1071,0.0024096385542168677,0.0,0.02279334730225249,1.9006923462262106e-15,0.006168255610903879,23.150166676479085,113.67859259818128,0
1080,0.004819277108433735,0.2533263488737559,0.021147910396409408,8.190447722333613e-08,0.39165773464867387,23.15928929576192,112.28439623701678,0
1086,0.004819277108433735,0.04922608307626634,0.035468557003297964,5.701944040529244e-09,0.08538278977969346,22.977760805849883,113.12130371405092,0
1104,0.0072289156626506035,0.012238824171773357,0.02443286402058119,5.390824827320393e-10,0.026219102631847273,23.04874072036486,113.33535113093198,0
1114,0.0072289156626506035,0.07630732730785114,0.029590326749763633,1.0437790276139803e-08,0.1252819626081895,23.05411588880527,113.29380956367277,0
1121,0.0072289156626506035,0.0018799837029276525,0.03075498642279384,8.404279071188582e-08,0.012367703652871912,23.06550139588544,113.48124658999724,0
1130,0.004819277108433735,0.16979221232757113,0.016031892910801454,1.539053023260663e-06,0.2629838909486835,23.07534502091876,112.04319638379798,0
1133,0.004819277108433735,0.0,0.024186996913683097,0.00028815595261521876,0.007074961884057199,23.076985171202345,112.39586800759172,0
1135,0.004819277108433735,0.009568709621093067,0.02606771348729732,1.348593691131931e-08,0.022185749649111648,23.084727558604303,113.39734962557992,0
1138,0.00963855421686747,0.1970199639136255,0.016903542609673736,1.1409197732781003e-07,0.3056130625509884,23.0913061850414,112.10126456788858,0
1141,0.004819277108433735,0.0,0.028970863364644876,5.111208768091747e-11,0.008502193087754737,23.10023227883333,112.95619085838872,0
1143,0.004819277108433735,0.3217042081368954,0.0280936184931112,1.4027502570886034e-07,0.49781989537925775,23.13169609866218,112.5717178396735,0
1144,0.0024096385542168677,0.0,0.021357807033580173,1.0492594076481289e-16,0.0057338508896446925,23.13382822523833,113.749110893065,0
1145,0.0072289156626506035,0.00178685757522845,0.03770730628937769,8.180804155740521e-07,0.014329853881935839,23.143264660001524,112.7956651589042,0
1160,0.0072289156626506035,0.008262421667345669,0.029948239474950223,5.352945588619687e-12,0.021836636000463372,22.997243066988776,113.1620841800571,0
1175,0.0072289156626506035,0.012238824171773357,0.02443286402058119,5.390824827320393e-10,0.026219102631847273,23.049788894636443,113.33276468789455,0
1188,0.0072289156626506035,0.059156626506024115,0.03126737455718653,3.190948862319129e-11,0.0996887822289183,23.05672597767272,112.97705715744304,0
1194,0.00963855421686747,0.016129279020845273,0.030768800610436957,1.0014824806080634e-07,0.03452164607216982,23.069769984242097,113.48313928818308,0
1196,0.0072289156626506035,0.012224578091524153,0.030232411809798958,6.631328910706683e-08,0.027952411511465,23.07072264430804,113.4786192738256,0
1203,0.004819277108433735,0.0,0.028099380498681673,6.535609014501042e-09,0.008238476617593648,23.077686070796293,113.46267301135042,0
1204,0.0072289156626506035,0.004197660206041556,0.028267512967965393,1.054452454494323e-08,0.015142109968142112,23.078203528607663,113.45983241064788,0
1205,0.004819277108433735,0.004795995576508934,0.025407037062138642,4.477497887290523e-09,0.014722504295338598,23.080777564507784,113.38717747960618,0
1206,0.004819277108433735,0.0,0.02970796086405615,4.0463152027510204e-11,0.00872524404611368,23.08979828947087,113.57430331349242,0
1212,0.004819277108433735,0.004795995576508934,0.022783239387706034,1.867521542382108e-15,0.013928524093362078,23.093320848571945,113.68027276821331,0
1221,0.00963855421686747,0.37405855305279084,0.038070548217322794,9.582333547631122e-07,0.58144326733773,23.145222382546528,112.79769080673302,0
1222,0.0072289156626506035,0.000605319830044817,0.037017890529966395,7.360094448441534e-07,0.012323111530123818,23.1457040164122,112.7953970892892,0
1224,0.0072289156626506035,0.37168965717944236,0.0373611161307351,5.908976154507558e-07,0.5771588985184858,23.147264934798947,112.79422466064028,0
1237,0.004819277108433735,0.3356731272917758,0.03060384501520602,6.422444655757416e-10,0.5198379935053905,23.168203475486443,112.61343109196484,0
1239,0.0072289156626506035,0.0031468870651689047,0.027525424494656902,0.0012915155457419092,0.01340987354905189,23.25329115223859,113.17697197953603,0
1240,0.0024096385542168677,0.0,0.011236218555843978,7.75040787794619e-05,0.0026764731882567244,23.380473853752093,110.90727596513943,0
