node_id,lat,lon,type,frequency,ship_count
0,23.020685983346148,113.21385977935468,turn_point,4940,510
1,22.986704660513382,113.1577947339208,turn_point,1985,137
2,23.04030168416911,112.48019744434087,waypoint,1681,549
3,23.019796556957623,113.18321341983898,turn_point,1646,135
4,23.079287205890555,113.4423077146346,turn_point,1639,331
5,23.034871728497645,113.00928688873648,turn_point,1489,147
6,23.046771040387632,113.24672864821132,turn_point,1482,137
7,23.03615662554163,113.4033616140258,turn_point,1456,223
8,23.167746378948628,112.33470925458712,turn_point,1422,520
9,23.005281259334552,113.07027705236922,merge_point,1405,258
10,22.98424071439064,113.08215184615808,turn_point,1344,129
11,23.14224938954456,112.89783994533154,turn_point,1336,199
12,23.07374857536644,112.97174684757508,turn_point,1288,234
13,23.10746795737709,113.6188534994332,turn_point,1271,407
14,23.04430515504381,113.21174851658115,turn_point,1252,45
15,23.15883145971429,112.82515080885923,waypoint,1217,268
16,23.04977478746645,112.41080859629068,waypoint,1211,344
17,23.03015737575737,113.39027525021044,turn_point,1205,173
18,23.1313001203164,111.89132009343764,waypoint,1132,597
19,23.03226530202874,112.98276233316624,turn_point,1126,125
20,23.249677783052864,111.57120586325246,turn_point,1124,357
21,22.979366471355668,113.09677860563774,turn_point,1089,100
22,23.47699518548713,111.36248697394949,turn_point,1087,467
23,23.088321431603564,112.5333040729656,turn_point,1081,248
24,23.12620511113182,112.40075473289936,turn_point,1068,332
25,22.88577326360025,113.51668610686444,turn_point,1014,558
26,23.12726380982696,112.93224380577392,waypoint,937,138
27,23.00460468766019,113.0462153411606,turn_point,930,112
28,23.11616787224354,113.26961691344036,turn_point,927,280
29,23.074504312988296,112.18153569599824,waypoint,920,365
30,23.16380303428881,112.77768464086056,turn_point,901,248
31,23.147765305835687,112.81070427308924,turn_point,898,90
33,23.07829446464345,113.43722076311803,turn_point,850,127
34,23.15383465240011,112.58623251704064,waypoint,801,266
35,23.06277152515536,112.5222861381913,waypoint,794,211
36,23.08273893775992,112.19973755496468,waypoint,778,274
37,23.07479307766316,112.0357972006355,turn_point,777,205
38,23.135796323263445,112.91125626307117,turn_point,772,118
39,22.9761011917629,113.10822536917156,turn_point,769,148
40,23.111293064626576,113.22611323880226,turn_point,727,230
41,23.037279331216904,113.35376293272354,turn_point,725,155
42,23.06424927690474,112.39871210009132,waypoint,722,209
43,23.05820088970736,113.27826852228424,turn_point,721,59
44,23.529108158117687,112.94689936518472,turn_point,717,272
45,23.18678007690611,112.80455843751812,turn_point,664,244
46,23.17166283489486,112.2968426592329,waypoint,663,120
47,23.039224778892944,113.5128721389904,turn_point,663,226
48,23.081306233511143,112.07418834032111,waypoint,658,213
49,23.0353249071693,113.37426707129774,turn_point,645,108
50,23.136753708176663,112.36821043532684,waypoint,638,235
51,23.044745121572376,113.21525122780068,turn_point,637,34
52,23.44325520088576,112.88322493378789,turn_point,618,252
53,23.08612865613669,112.11668608640468,turn_point,616,173
54,22.89050625651564,113.56528075504936,turn_point,610,456
55,23.17324619044213,112.69578220189082,waypoint,607,253
56,22.7142428818576,113.69373608222904,turn_point,602,381
57,23.13221587091068,112.27471952665732,turn_point,598,182
58,22.90671161776195,113.40245020390935,turn_point,592,262
59,23.077273601569537,113.5432029039267,turn_point,560,177
60,23.10430838853644,112.55071185436972,waypoint,539,109
61,23.053096932966305,113.30125007151028,turn_point,539,165
62,23.14376397602876,112.57615785353664,turn_point,537,145
63,23.138281479131777,112.28026716170764,waypoint,535,141
64,23.15373892235365,111.72074209668534,turn_point,532,170
65,23.07429514413692,113.47274724639712,turn_point,525,113
66,23.09420957558594,112.95877834454684,turn_point,511,133
67,23.15339417613296,111.70172453606534,waypoint,496,189
68,23.46383543409204,111.2678971961018,turn_point,494,271
69,23.05871024966067,113.41576865246547,turn_point,494,127
70,23.161222308090043,112.85631309491036,turn_point,493,366
71,23.138134627052068,113.22174574936368,turn_point,492,173
72,23.172951586995893,112.65560943709558,waypoint,491,262
73,23.09474601971001,112.39467457297155,turn_point,484,180
74,23.17025089206855,112.64109362009408,turn_point,482,225
75,22.87844375306956,113.29837612066544,waypoint,478,339
76,23.1033062599634,112.95372448112728,turn_point,477,94
77,23.16816755823885,112.6300000857674,waypoint,461,224
78,23.123619014459216,112.25827224987594,waypoint,459,174
79,23.131292084223507,111.96334913617795,waypoint,455,190
80,23.15768137047132,111.66677439523428,turn_point,446,199
81,23.10021272139761,111.97681952708083,turn_point,436,163
82,23.23778263928798,113.1753469455684,turn_point,433,147
83,22.97622382607332,113.52571403338308,turn_point,422,232
84,23.09011972580622,111.9862492417422,waypoint,420,165
85,23.152699047435853,113.21217770417708,turn_point,416,141
86,23.22723869656781,111.52809333365448,turn_point,415,125
87,23.046035016487814,113.23024770115256,turn_point,415,128
89,23.18520772730156,113.2104616206512,turn_point,389,138
90,23.11279262796612,112.2227329106911,waypoint,385,123
91,23.25740990530928,113.15691719332656,turn_point,381,144
92,23.122377113381173,112.56449525266258,waypoint,377,107
93,23.24276060358737,112.81576678348058,turn_point,372,155
94,23.41645432645016,111.20622591096075,turn_point,371,224
95,23.275733604112144,112.8542193392314,turn_point,365,160
96,23.0527744418886,113.31979889307704,turn_point,365,52
97,23.04674468850452,113.339787046488,turn_point,360,74
98,23.028178228253346,113.26282657073727,turn_point,357,119
99,23.082748424920595,113.54916368716825,turn_point,357,99
100,23.065245534344044,113.4878868266388,turn_point,357,131
101,23.01627519044488,113.0342009319437,turn_point,353,77
102,23.08812906262784,113.57063508461027,turn_point,350,117
103,23.16431183890337,112.28533348862484,turn_point,348,93
104,23.1117493207424,112.55679054831084,waypoint,347,88
105,23.10532550329215,113.60321863010572,turn_point,341,71
106,23.20631203117945,113.19683763060166,turn_point,341,102
107,22.99712124489453,113.51975145888076,waypoint,339,168
108,22.82028808013717,113.60024224639363,turn_point,337,212
109,23.15478166359504,112.88021469743404,turn_point,329,106
110,23.13608879717172,113.74502355594193,turn_point,326,130
111,23.17084358205342,112.74421040492729,turn_point,326,145
112,23.57592855640381,112.95284223194702,turn_point,325,141
113,22.832616678741243,113.30820689790522,turn_point,325,156
114,23.08324957401789,112.01875268120564,waypoint,319,99
115,23.11238192401808,112.94687471764064,turn_point,319,72
116,23.14865081830604,112.35641256648482,waypoint,315,114
120,23.68639811465373,113.07817397905156,waypoint,300,125
121,23.11220977335472,113.93127490373271,turn_point,299,109
122,23.96017017555079,113.27696652732976,turn_point,298,216
123,23.36284601812072,111.50369232283036,turn_point,297,174
124,23.3004739148032,113.16197982294528,turn_point,297,92
125,23.34929592835837,113.12673741590024,turn_point,294,156
126,23.16891657245553,112.71575553951736,waypoint,291,77
127,23.13861911262796,111.75440232884328,waypoint,290,130
128,23.098920749317173,113.40261980584783,turn_point,285,71
129,23.16872955569492,112.727245750384,waypoint,285,95
130,23.10345486266428,113.8707372457582,turn_point,283,170
131,23.155777129673943,112.78723919677932,turn_point,276,79
132,22.998264759408386,113.2516217362222,turn_point,271,134
134,23.07335145151006,112.52917891286492,waypoint,264,124
135,23.42740215642314,111.4958647304256,turn_point,263,159
136,23.0305223073137,113.51485405723622,turn_point,262,134
137,22.97766909482569,112.98181948437424,turn_point,260,190
138,23.745829507476305,113.19875590813044,turn_point,260,105
139,23.168424672207088,112.72031646184328,waypoint,257,55
141,23.02050497802718,113.5173068665329,turn_point,251,165
143,22.23390499723161,113.15538666488852,turn_point,244,209
144,23.080248283270496,112.15668487841135,waypoint,239,88
147,23.18975051257779,111.58274512170613,turn_point,227,72
148,22.36140696024545,113.95348158537894,turn_point,227,198
150,22.89769881223059,113.22287597895944,turn_point,226,161
152,22.97338051683257,113.50611199754908,turn_point,223,81
153,23.172781625986133,112.30369176256238,waypoint,222,106
154,23.682115170264304,112.98419759579576,turn_point,222,101
155,23.107706999004403,113.6358341844013,turn_point,220,43
157,22.95063761152335,113.49887870442176,turn_point,215,115
158,24.01276717440521,113.27727752055632,turn_point,214,138
159,22.88129245844413,113.12060750278904,turn_point,212,145
160,23.31150512706502,113.1498234301356,turn_point,212,66
161,23.23830134260617,111.54280646867336,turn_point,211,82
162,23.135666201942964,111.7612275697681,waypoint,209,103
163,22.152038038502603,113.80423211348791,turn_point,208,164
164,23.0737409489127,113.25432403754262,turn_point,208,54
165,23.058301526873827,113.4976323676196,turn_point,204,77
166,23.11082131566643,112.40108342072718,turn_point,201,98
168,23.120233718461524,112.24776604131029,waypoint,196,82
170,22.513274240083163,113.8526624200951,turn_point,191,155
171,23.426184487738823,111.15416579181095,turn_point,190,139
172,22.80600306695169,113.33983274142066,turn_point,187,134
173,23.19174407962516,111.57824295656226,turn_point,186,83
174,22.95804217795021,113.53771904492424,turn_point,186,129
175,23.108209741121293,113.36075233956797,turn_point,185,65
176,22.448664047259,113.18422836329113,turn_point,182,144
177,22.419148343780165,113.75476495090074,turn_point,181,174
180,23.11580991898809,111.97378032480424,turn_point,179,83
182,24.05612543106133,113.32007891750976,turn_point,176,114
183,22.81218061372187,113.0117675509126,waypoint,175,161
184,23.110109807440267,113.38614976430316,turn_point,175,51
185,23.109747575794728,112.21881962754684,turn_point,174,77
188,23.051699016451,113.50477652161416,waypoint,170,69
190,23.78243595744018,113.22517519007476,turn_point,169,88
192,23.06420756319244,113.26166971019576,turn_point,164,47
193,23.15275296117513,112.7881745014757,turn_point,163,78
195,23.16624715381795,111.64963315368318,turn_point,160,72
196,22.645776589062468,113.69330684344548,turn_point,159,133
197,23.45281951005977,111.0947201664468,turn_point,158,121
198,22.466588004822874,113.8584514135725,turn_point,158,131
199,23.21523902930484,111.53514389224974,waypoint,157,77
202,23.152718937794607,111.70675782740317,turn_point,153,52
203,22.98879814958941,113.52116558915829,turn_point,152,94
204,22.778879086539217,113.2467940988804,turn_point,151,119
205,23.24165375504652,113.07970058319442,turn_point,151,56
206,23.170204544683163,112.76425454079208,turn_point,151,36
208,23.18580857909805,111.63476024584216,turn_point,147,86
210,22.347403550943483,113.19242519064912,turn_point,146,85
214,22.22456719036657,113.8073419482449,turn_point,138,107
216,22.74993052044377,113.22999405784492,waypoint,136,97
217,22.927762174938813,113.55150800817158,turn_point,136,103
219,22.87592293889649,112.91186183863968,turn_point,135,118
220,22.749221202934663,113.3982129847559,turn_point,135,97
221,22.67203060283505,113.09509067680976,turn_point,133,121
223,24.25576115336434,113.4653453653198,waypoint,133,83
224,23.15775167297051,111.67364941706884,turn_point,132,58
225,22.53974616222545,113.81114745352411,turn_point,132,117
226,23.254195611384446,113.12570693405196,turn_point,132,95
228,23.056728984148144,113.5007666226946,merge_point,130,62
230,23.19223369267389,111.62337731958752,waypoint,129,77
231,23.160303464910346,111.6826399692784,turn_point,128,58
232,22.75987699228624,113.0757943515934,waypoint,126,118
234,23.097212099699707,112.54274286194796,turn_point,125,47
236,23.12115309473592,113.6599075116622,turn_point,124,52
238,23.24921241705025,112.81922514837832,turn_point,123,37
240,23.43053603675333,111.01938880242166,turn_point,120,107
241,22.732264129628028,113.4444573360791,turn_point,120,99
242,24.14253640789058,113.39945558639808,turn_point,117,81
243,23.208333759630765,112.8068354659738,turn_point,117,50
245,23.13074208551929,113.69880220922296,turn_point,116,68
246,23.09781298532399,112.20837561898888,turn_point,115,46
248,23.01584625823579,112.83018504652884,turn_point,109,75
249,23.085770688850268,112.121786274373,turn_point,109,36
252,22.614623437130568,113.70504512886107,waypoint,106,95
254,23.129944648424324,112.39319375015612,waypoint,104,39
255,22.989444943101542,113.14425626507338,turn_point,104,2
257,23.05275475576904,113.52571880321403,turn_point,102,37
258,23.179453049344303,111.64064189726253,waypoint,101,56
259,23.048330084771788,112.97813828852216,turn_point,101,36
261,23.25233842803941,113.09598809838444,turn_point,98,54
263,23.02045014108004,113.5125878461829,turn_point,97,27
266,22.51403734962544,113.16871979569046,turn_point,95,95
267,22.281059043375947,113.7324472937305,turn_point,95,93
268,22.591543036704472,113.59746682073816,turn_point,95,90
269,23.165341008020707,112.5982605418718,waypoint,95,31
270,23.08524030824808,113.4682413602809,turn_point,95,57
271,22.98916937703629,113.14176346891853,turn_point,95,89
272,23.00773012226699,113.16024225911931,turn_point,94,85
274,22.34071364226533,114.12261856448968,merge_point,92,79
275,23.203511127988538,111.56094955475336,waypoint,92,77
276,23.192098772287792,111.60623485881206,turn_point,92,50
289,22.612458607355,113.15796486935665,turn_point,82,61
291,23.39354891605949,110.94278446038312,waypoint,80,71
292,23.82684836675197,113.25489830721766,turn_point,80,51
293,23.0482870235403,113.5077773997557,turn_point,80,34
294,23.050828125636635,113.27447688968007,turn_point,80,2
297,23.000733610572382,113.16275102736742,turn_point,76,74
298,23.15421148719348,112.28230801158044,waypoint,75,40
301,23.267433259922104,113.14101454916052,turn_point,71,54
302,23.00228042734273,113.05323892729584,turn_point,71,62
303,23.004707190965537,113.15978979921192,turn_point,71,66
305,23.23448371816937,113.06713800691678,turn_point,70,28
308,23.00280979753063,113.05521612538725,turn_point,68,62
309,22.989051956854496,113.14718274182894,turn_point,67,2
311,23.107836314798085,113.6132444257454,turn_point,66,9
314,22.748405576491493,113.55528524638612,turn_point,64,45
316,22.903362516472647,113.06938125316316,turn_point,63,51
318,23.192866044083605,111.61927615039504,turn_point,62,39
319,22.894156678798943,113.15816561632457,turn_point,62,55
321,22.99325112290189,113.16122149938916,turn_point,62,60
324,23.005061239173774,113.06025379215303,turn_point,62,2
328,23.05684325038476,113.59710407218792,turn_point,61,40
333,23.01226131141701,113.1652591687108,turn_point,60,55
335,22.98779151155249,113.1382615498176,turn_point,59,58
336,22.98025589475037,113.12924117065523,turn_point,58,52
337,22.98371805819837,113.13231708475128,turn_point,58,54
340,23.04429549220384,113.22176067073606,turn_point,58,54
345,23.0022776592783,113.05077033459536,turn_point,55,51
349,22.90886535568973,113.11582453520847,turn_point,54,32
351,23.029227617739547,112.99279583694704,turn_point,54,53
352,23.03329334425048,112.99771923401391,turn_point,54,50
355,23.090732027633283,112.09070242890238,waypoint,53,30
356,22.99877485590196,113.16324587745494,turn_point,53,50
361,23.009754585682604,113.16218378815825,turn_point,52,52
362,23.02873494446827,112.98573669241472,turn_point,52,51
364,23.047790929770727,113.25023659430884,turn_point,52,47
366,23.0557560097952,113.26307803955964,turn_point,52,1
370,23.01927541928493,113.1777635487818,turn_point,51,48
373,23.141545801321985,113.72044351921996,turn_point,50,29
374,22.97577316320424,113.10474760171506,turn_point,50,48
375,22.976748321281733,113.1017420465421,turn_point,50,50
379,22.978768140308176,113.12678421323795,turn_point,48,45
383,23.01571101049608,113.17172595237824,turn_point,48,47
386,23.075125885095314,113.38274311500912,turn_point,48,2
387,23.27746183583628,111.56519148831164,waypoint,47,28
390,23.02776543983259,112.988802156944,merge_point,47,44
392,23.045707570545336,113.22724955134886,turn_point,47,43
393,23.11382127390861,113.25670767192103,turn_point,46,1
395,23.12074028837061,112.23816173621968,waypoint,45,23
405,23.08486626505661,113.24566890737547,turn_point,45,1
407,23.043771689453685,112.9796448831246,turn_point,44,20
411,23.03491031074624,113.00170609634355,turn_point,44,2
413,23.05577810678613,113.2682368470385,turn_point,44,39
415,23.090679515699502,113.57661997388782,turn_point,44,1
419,23.09224761275384,113.4282162902385,turn_point,43,2
427,23.02824166470644,112.99075862925535,turn_point,42,41
429,23.109025364066085,113.60979581724432,turn_point,42,1
434,23.02920480864079,113.02328237400128,turn_point,41,38
436,23.030771793652264,113.0212778096836,turn_point,41,40
437,23.032211072173315,112.99580663070108,turn_point,41,39
439,23.05380954278572,113.26070965323336,turn_point,41,39
447,23.160210371793124,112.86726863361312,turn_point,39,39
449,22.985266788957848,113.13429972977606,turn_point,38,37
454,23.05173224333004,113.25673023174733,turn_point,38,37
455,23.0572674056401,113.27274561315626,turn_point,38,37
458,23.006759247155312,113.06725936889042,turn_point,37,34
459,23.01824813441624,113.17575411017413,turn_point,37,35
485,23.153304612866968,112.81361743925711,turn_point,35,2
494,23.07991056493153,113.38419366750772,turn_point,34,2
496,22.98849218779708,113.15028618478756,turn_point,33,2
501,23.03421667992904,112.9997884386492,turn_point,33,32
510,23.05348993896748,113.30617891929462,turn_point,32,2
511,23.057769252534392,113.27525512093516,turn_point,32,32
524,23.15577165978292,112.81723214648012,turn_point,31,30
525,23.16119070845342,112.86277935679604,turn_point,31,31
535,23.1532378562296,112.88521868628308,turn_point,30,28
541,22.986719596463665,113.13626685208334,turn_point,29,27
549,23.154700614020538,112.81529031650986,turn_point,29,28
550,23.16078111772721,112.85326856354888,turn_point,29,29
565,23.07780019427728,113.46514408978328,turn_point,28,3
580,23.08281847052436,113.48401401349231,turn_point,27,2
587,22.97760941817366,113.12365737752884,turn_point,26,2
595,23.05372387700444,113.29622292657024,turn_point,26,26
603,23.00577164979492,113.06225819262686,turn_point,25,24
610,23.044304119223995,113.3432468821028,turn_point,25,25
614,23.05769797044258,113.28379138972622,turn_point,25,24
618,23.15804115900677,112.83871842290569,turn_point,25,2
621,23.16080866791517,112.86519797047735,turn_point,25,25
637,23.039282869619427,113.34876534136778,turn_point,24,24
639,23.05279224838038,113.32321640798882,turn_point,24,24
650,23.15895274796312,112.8452848630877,turn_point,24,2
663,23.052212243233672,113.32627445250026,turn_point,23,23
668,23.064757932006057,113.4197441788431,turn_point,23,23
669,23.067785934857817,113.47926166380807,turn_point,23,1
674,23.1574662771376,112.81926594280216,turn_point,23,2
679,23.175076012190605,112.74841023685504,turn_point,23,1
689,23.075696485569345,113.43330714330196,turn_point,22,22
695,23.15767926803403,112.82175292742856,turn_point,22,21
696,22.963302775205246,113.15313711056604,turn_point,21,3
703,23.05073729487188,113.3307122510852,turn_point,21,20
710,23.0855628509527,113.40557641890676,turn_point,21,1
716,23.092307652962244,113.46013488559788,turn_point,20,13
722,23.01330168035105,113.16717239347454,turn_point,20,20
725,23.05225663143243,113.30473649612824,turn_point,20,17
728,23.145212880730792,112.80426062405364,turn_point,20,19
734,23.16077773382641,112.86025067014768,turn_point,20,19
737,23.21597995465705,112.8058154823271,turn_point,20,1
750,23.05274252920823,113.2587690697422,merge_point,19,19
755,23.057244449737663,113.2697542222094,turn_point,19,15
757,23.05775408040735,113.28595137045612,turn_point,19,2
759,23.06925718819544,113.42423422289828,turn_point,19,19
760,23.072724766434693,113.42823661243654,turn_point,19,19
762,23.074818274298973,113.4312350503224,turn_point,19,18
764,23.10718661558024,113.38789982892486,turn_point,19,1
767,23.157305709671544,112.8407123691094,turn_point,19,19
775,22.99879667846984,113.07476052122216,turn_point,18,18
784,23.052132631316848,113.30778033737434,turn_point,18,17
789,23.0631960194226,113.41832335230298,turn_point,18,17
790,23.066288354667407,113.42121910943636,turn_point,18,18
793,23.076558508308374,113.48825719323668,turn_point,18,2
795,23.151769031687287,112.88672898304668,turn_point,18,18
809,23.004318153121726,113.05822437311096,turn_point,17,16
815,23.04474652313549,113.2237014149968,turn_point,17,17
830,23.06027062194613,113.26825397772735,turn_point,17,15
831,23.06130663944625,113.41720213539192,turn_point,17,17
837,23.09176114110555,112.09920915333414,turn_point,17,17
838,23.10673707776933,113.60826106198024,turn_point,17,15
839,23.142240210673528,112.79875167762764,merge_point,17,15
854,23.027328170301253,113.0251769817012,turn_point,16,16
867,23.058976629862133,113.36464375224443,turn_point,16,1
869,23.06775134852841,113.422376297102,turn_point,16,15
876,23.09157400543024,113.58320665895042,turn_point,16,2
877,23.10988131113384,113.38990943723536,turn_point,16,2
891,23.00289222093464,113.1605818791918,turn_point,15,2
897,23.044248937724536,113.21975803854208,turn_point,15,15
898,23.04881834452108,113.33082342791788,turn_point,15,3
917,23.158340285807657,112.84323994137436,turn_point,15,15
945,23.051814268818845,113.31074985240456,merge_point,14,14
954,23.07074157905614,113.42575972858972,turn_point,14,14
961,23.09007902530858,113.66511813034845,turn_point,14,1
962,23.091709704806,112.09672985541224,turn_point,14,14
963,23.09464187033497,113.68212330599997,turn_point,14,2
964,23.134732528247167,112.57322682420924,turn_point,14,13
980,23.05063481430963,113.32830491063352,turn_point,13,6
998,23.09125282060286,112.09471345905357,turn_point,13,13
1001,23.092489023847914,113.42601184007589,merge_point,13,2
1002,23.09839558637316,113.59674884049358,turn_point,13,1
1005,23.154173307828817,112.88322160130276,turn_point,13,13
1012,23.04259100714594,112.9888891572696,waypoint,12,12
1018,23.027962958229125,113.51383908157533,turn_point,12,2
1026,23.04917786852919,113.25219270425956,turn_point,12,12
1038,23.053291806216432,113.29831049289936,turn_point,12,11
1056,23.07623382977974,113.46778780345198,turn_point,12,11
1059,23.087646331292166,112.1287490742907,turn_point,12,12
1060,23.090545521230705,113.41226430041569,merge_point,12,2
1062,23.09253882080408,113.58521777122502,turn_point,12,2
1063,23.09461180763409,112.10015421864638,turn_point,12,1
1064,23.09578788022043,113.59070025430144,turn_point,12,12
1066,23.1186002193872,112.94033680230922,turn_point,12,2
1067,23.13731900074653,113.17506867741436,turn_point,12,1
1071,23.150166676479085,113.67859259818128,turn_point,12,1
1080,23.15928929576192,112.28439623701678,turn_point,12,2
1086,22.977760805849883,113.12130371405092,turn_point,11,11
1104,23.04874072036486,113.33535113093198,turn_point,11,11
1114,23.05411588880527,113.29380956367277,turn_point,11,2
1121,23.06550139588544,113.48124658999724,turn_point,11,2
1130,23.07534502091876,112.04319638379798,turn_point,11,10
1133,23.076985171202345,112.39586800759172,turn_point,11,2
1135,23.084727558604303,113.39734962557992,turn_point,11,3
1138,23.0913061850414,112.10126456788858,turn_point,11,10
1141,23.10023227883333,112.95619085838872,turn_point,11,11
1143,23.13169609866218,112.5717178396735,turn_point,11,11
1144,23.13382822523833,113.749110893065,turn_point,11,1
1145,23.143264660001524,112.7956651589042,merge_point,11,11
1160,22.997243066988776,113.1620841800571,turn_point,10,2
1175,23.049788894636443,113.33276468789455,turn_point,10,10
1188,23.05672597767272,112.97705715744304,turn_point,10,2
1194,23.069769984242097,113.48313928818308,turn_point,10,2
1196,23.07072264430804,113.4786192738256,turn_point,10,9
1203,23.077686070796293,113.46267301135042,turn_point,10,10
1204,23.078203528607663,113.45983241064788,merge_point,10,10
1205,23.080777564507784,113.38717747960618,turn_point,10,1
1206,23.08979828947087,113.57430331349242,turn_point,10,2
1212,23.093320848571945,113.68027276821331,turn_point,10,1
1221,23.145222382546528,112.79769080673302,turn_point,10,9
1222,23.1457040164122,112.7953970892892,turn_point,10,4
1224,23.147264934798947,112.79422466064028,turn_point,10,7
1237,23.168203475486443,112.61343109196484,turn_point,10,2
1239,23.25329115223859,113.17697197953603,turn_point,10,2
1240,23.380473853752093,110.90727596513943,turn_point,10,2
